Config, Line Crossings, Stress
OGDF_00tiny,5,113.11917781785878
OGDF_3elt,12801,7.231722129140013E10
OGDF_4elt,58786,4.5646812721513084E10
OGDF_add20,503237,1.935673423840704E8
OGDF_add32,108059,1.57348072934291E9
OGDF_big_path,0,8.333325E8
OGDF_crack,537,1.0419404446168032E10
OGDF_sierpinski_04,0,426070.35860370036
OGDF_sierpinski_06,0,1.3242997341578901E8
OGDF_sierpinski_07,0,2.3925713157810373E9
OGDF_sierpinski_08,0,4.3462087214019714E10
OGDF_test_strogatz,302,4.637892265980489E9
